Date,Matchup (Away @ Home),Kickoff (ET),Bet365 ML,FanDuel ML,Best Price You Found,Market Ref. ML (Away/Home),Spread,Total,My Lean,Confidence,Why
Thu 9/24,Atlanta Falcons @ Green Bay Packers,8:15 PM,,, ,+220 / -250,GB -5 (-110),43,Green Bay,Medium-High,"Model gives GB ~71% to win. Falcons' offense has been inconsistent; Packers strong at home."
Sun 9/27,Carolina Panthers @ Cleveland Browns,1:00 PM,,, ,-148 / +130,CAR -2.5 (-118),42.5,Carolina,Medium,"Bryce Young/Panthers offense trending up; Browns are one of the league's weaker teams this year."
Sun 9/27,Cincinnati Bengals @ Pittsburgh Steelers,1:00 PM,,, ,-184 / +160,CIN -3.5 (-108),42.5,Cincinnati,Medium-High,"Model (~63%) and market both favor CIN by a similar margin — a solid road favorite."
Sun 9/27,Houston Texans @ Indianapolis Colts,1:00 PM,,, ,-148 / +130,HOU -2.5 (-115),42.5,Houston,Medium-High,"Model (~57%) agrees with the market line favoring Houston on the road."
Sun 9/27,LA Chargers @ Buffalo Bills,1:00 PM,,, ,+300 / -335,BUF -7 (-110),50,Buffalo,High,"Model (~75%) and market both strongly favor Buffalo at home — the chalk play of the week."
Sun 9/27,New England Patriots @ Jacksonville Jaguars,1:00 PM,,, ,+135 / -155,JAC -3 (-105),45.5,Jacksonville,Medium,"Model (~58%) and market agree JAC is the play at home; not a huge edge either way."
Sun 9/27,New York Jets @ Detroit Lions,1:00 PM,,, ,+260 / -300,DET -6.5 (-110),47.5,Detroit,Medium-High,"Model (~73%) backs Detroit comfortably; Jets have been shaky on offense."
Sun 9/27,Seattle Seahawks @ Washington Commanders,1:00 PM,,, ,-298 / +270,SEA -7 (-105),40,Seattle,High,"Seattle is the ROAD favorite here by a wide margin — model (~76%) and market fully agree."
Sun 9/27,Tennessee Titans @ New York Giants,1:00 PM,,, ,+128 / -135,NYG -3 (+100),39.5,NY Giants,Medium,"Model (~57%) lines up almost exactly with the market price — fair value, modest lean."
Sun 9/27,Arizona Cardinals @ San Francisco 49ers,4:05 PM,,, ,+370 / -400,SF -8.5 (-105),48,San Francisco,Medium-High,"Large home favorite; no model number available for this one, but the market is lopsided for a reason."
Sun 9/27,Minnesota Vikings @ Tampa Bay Buccaneers,4:05 PM,,, ,-120 / +106,MIN -1.5 (-108),42.5,Toss-up — lean TB (+106),Low,"Essentially a coin flip. If betting at all, the home dog at plus money is the value side; smallest stake."
Sun 9/27,Baltimore Ravens @ Dallas Cowboys,4:25 PM,,, ,-176 / +155,BAL -3.5 (-102),52.5,Baltimore,Medium,"Ravens favored on the road; CHECK Lamar Jackson's injury/practice status before kickoff — it swings this line."
Sun 9/27,Las Vegas Raiders @ New Orleans Saints,4:25 PM,,, ,+154 / -168,NO -3 (-112),44,New Orleans,Medium,"Saints have looked more organized on both sides of the ball recently; modest home favorite."
Sun 9/27,LA Rams @ Denver Broncos,8:20 PM,,, ,-137 / +120,LA -2.5 (-112),45.5,LA Rams,Medium,"Rams favored on the road in a fairly close, no-strong-signal matchup."
Mon 9/28,Philadelphia Eagles @ Chicago Bears,8:15 PM,,, ,-225 / +194,PHI -4.5 (-107),41,Philadelphia,Medium-High,"Eagles have been the more complete team this season and are sizable road favorites."
